acc,SUBPOPULATION,VAR,COUNTRY,REGION,trait
IRIS_313-11258,aro,aro,India,subcont,5.5
IRIS_313-8326,aro,aro,India,subcont,6.2
IRIS_313-11270,aro,aro,India,subcont,8.0
IRIS_313-11289,aro,aro,India,subcont,8.6
IRIS_313-11052,aus,aus,Bangladesh,subcont,7.5
IRIS_313-11058,aus,aus,Bangladesh,subcont,8.6
IRIS_313-11737,aus,aus,India,subcont,6.7
IRIS_313-11298,aus,aus,India,subcont,7.1
IRIS_313-10852,aus,aus,India,subcont,7.2
IRIS_313-11809,aus,aus,Kenya,africa,10.5
IRIS_313-11796,ind1A,indica,China,china,8.3
IRIS_313-11668,ind1A,indica,China,china,8.5
IRIS_313-11802,ind1A,indica,China,china,8.6
IRIS_313-11805,ind1A,indica,China,china,8.8
IRIS_313-11665,ind1A,indica,China,china,9.0
IRIS_313-11798,ind1B,indica,China,china,9.1
IRIS_313-11643,ind1B,indica,India,subcont,9.7
IRIS_313-11251,ind1B,indica,Philippines,indo,8.4
IRIS_313-11723,ind2,indica,Guinea,africa,10.8
IRIS_313-11645,ind2,indica,India,subcont,8.8
IRIS_313-11646,ind2,indica,India,subcont,9.7
IRIS_313-11794,ind2,indica,Madagascar,africa,10.1
IRIS_313-11728,ind3,indica,China,china,10.1
IRIS_313-8493,ind3,indica,Indonesia,indo,7.5
IRIS_313-11812,ind3,indica,Kenya,africa,10.2
IRIS_313-8312,ind3,indica,Malaysia,indo,8.0
IRIS_313-9409,ind3,indica,Malaysia,indo,9.6
IRIS_313-11819,ind3,indica,Myanmar,se.asia,9.5
IRIS_313-10177,indx,indica,China,china,7.6
IRIS_313-11748,indx,indica,China,china,8.7
IRIS_313-11744,indx,indica,China,china,8.9
IRIS_313-11807,indx,indica,Colombia,lat.am,9.6
IRIS_313-11740,indx,indica,Ghana,africa,8.0
IRIS_313-10337,indx,indica,Indonesia,indo,8.4
IRIS_313-11717,indx,indica,Indonesia,indo,8.8
IRIS_313-11817,indx,indica,Myanmar,se.asia,9.7
IRIS_313-10870,subtrop,japonica,India,subcont,5.7
IRIS_313-12349,subtrop,japonica,Lao People's Democratic Republic,se.asia,8.8
IRIS_313-11094,subtrop,japonica,Lao People's Democratic Republic,se.asia,11.1
IRIS_313-11661,temp,japonica,Bhutan,subcont,8.9
IRIS_313-11651,temp,japonica,China,china,7.5
IRIS_313-11652,temp,japonica,China,china,7.6
IRIS_313-11725,temp,japonica,Japan,china,7.7
IRIS_313-11689,temp,japonica,"Korea, Republic of",china,7.1
IRIS_313-11759,trop,japonica,Cote d'Ivoire,africa,8.8
IRIS_313-11755,trop,japonica,Liberia,africa,9.4
IRIS_313-11790,trop,japonica,Madagascar,africa,8.2
IRIS_313-11673,trop,japonica,Philippines,indo,7.4
IRIS_313-11736,trop,japonica,Philippines,indo,7.7
IRIS_313-11297,admix,admix,India,subcont,7.0
IRIS_313-10883,admix,admix,India,subcont,10.8
IRIS_313-12094,aro,aro,Bangladesh,subcont,4.7
IRIS_313-11026,aro,aro,Pakistan,subcont,10.2
IRIS_313-12141,aus,aus,Bangladesh,subcont,6.0
IRIS_313-8390,aus,aus,Pakistan,subcont,10.9
IRIS_313-9039,ind2,indica,Sri Lanka,subcont,5.7
IRIS_313-11280,indx,indica,India,subcont,11.0
IRIS_313-10888,subtrop,japonica,India,subcont,10.1
IRIS_313-9778,admix,admix,Argentina,lat.am,8.0
IRIS_313-9464,admix,admix,Surinam,lat.am,11.8
IRIS_313-10969,aus,aus,Brazil,lat.am,8.5
IRIS_313-11411,ind2,indica,Brazil,lat.am,7.6
IRIS_313-9841,indx,indica,Surinam,lat.am,11.4
IRIS_313-9771,temp,japonica,Austria,lat.am,7.1
IRIS_313-11428,trop,japonica,Brazil,lat.am,10.6
IRIS_313-10025,admix,admix,Madagascar,africa,7.7
IRIS_313-11767,admix,admix,Madagascar,africa,11.3
IRIS_313-11765,aro,aro,Liberia,africa,6.5
IRIS_313-10032,aro,aro,Madagascar,africa,8.7
IRIS_313-12118,ind2,indica,Madagascar,africa,6.0
IRIS_313-11814,ind3,indica,Kenya,africa,11.2
IRIS_313-11121,trop,japonica,Liberia,africa,7.9
IRIS_313-9742,trop,japonica,Madagascar,africa,10.7
IRIS_313-10738,admix,admix,Indonesia,indo,7.4
IRIS_313-9101,admix,admix,Malaysia,indo,9.9
IRIS_313-10380,aus,aus,Philippines,indo,7.0
IRIS_313-10955,ind3,indica,Indonesia,indo,5.9
IRIS_313-11235,indx,indica,Philippines,indo,11.4
IRIS_313-9616,trop,japonica,Philippines,indo,5.7
IRIS_313-11971,trop,japonica,Indonesia,indo,10.9
IRIS_313-8873,admix,admix,Taiwan,china,7.3
IRIS_313-10585,admix,admix,Japan,china,7.5
IRIS_313-11698,aro,aro,Taiwan,china,7.1
IRIS_313-11157,ind1A,indica,Taiwan,china,6.1
IRIS_313-12061,temp,japonica,China,china,6.2
IRIS_313-10079,trop,japonica,Japan,china,9.4
IRIS_313-11136,admix,admix,Myanmar,se.asia,7.6
IRIS_313-11092,admix,admix,Lao People's Democratic Republic,se.asia,9.9
IRIS_313-12074,aro,aro,Myanmar,se.asia,6.9
IRIS_313-12148,ind3,indica,Cambodia,se.asia,5.8
IRIS_313-10654,ind3,indica,Lao People's Democratic Republic,se.asia,10.8
IRIS_313-12164,japx,japonica,Cambodia,se.asia,6.2
IRIS_313-12341,subtrop,japonica,Lao People's Democratic Republic,se.asia,12.4
IRIS_313-11189,admix,admix,Union of Soviet Socialist Republics (Former),europe,9.8
IRIS_313-8747,aro,aro,Iran,europe,10.0
IRIS_313-12016,indx,indica,Egypt,europe,9.0
IRIS_313-9817,ind2,indica,Netherlands,europe,12.0
IRIS_313-9813,temp,japonica,Hungary,europe,7.2
IRIS_313-10061,japx,japonica,Portugal,europe,12.7
IRIS_313-9795,ind2,indica,Australia,australia,7.8
IRIS_313-10010,ind2,indica,Fiji,indo,8
IRIS_313-10014,temp,japonica,Italy,europe,9.1
IRIS_313-10020,aus,aus,Sri Lanka,subcont,7.9
IRIS_313-10034,indx,indica,Niger,africa,10.7
IRIS_313-10046,ind1B,indica,Zambia,africa,8.5
IRIS_313-10047,ind1A,indica,Nigeria,africa,8.1
IRIS_313-10054,indx,indica,Panama,lat.am,10.4
IRIS_313-10113,indx,indica,Mozambique,africa,8.9
IRIS_313-10289,ind1B,indica,Venezuela,lat.am,9.4
IRIS_313-10301,indx,indica,Brazil,lat.am,10
IRIS_313-10397,ind1B,indica,Colombia,lat.am,10
IRIS_313-10484,ind1A,indica,Philippines,indo,8.2
IRIS_313-10516,indx,indica,United States of America,lat.am,8.6
IRIS_313-10572,indx,indica,Nigeria,africa,7.8
IRIS_313-10573,ind2,indica,Mali,africa,6.3
IRIS_313-10614,indx,indica,Hong Kong,china,8.5
IRIS_313-10640,ind2,indica,India,subcont,11
IRIS_313-10705,indx,indica,Malaysia,indo,10.1
IRIS_313-10712,trop,japonica,Cote d'Ivoire,africa,9.6
IRIS_313-10722,trop,japonica,Sri Lanka,subcont,6.8
IRIS_313-10723,ind2,indica,Senegal,africa,8.1
IRIS_313-10725,indx,indica,Senegal,africa,8.7
IRIS_313-10726,ind3,indica,Senegal,africa,9.2
IRIS_313-10733,indx,indica,Nepal,subcont,9.6
IRIS_313-11056,aus,aus,Bangladesh,subcont,9.6
IRIS_313-11075,japx,japonica,Lao People's Democratic Republic,se.asia,8.8
IRIS_313-11120,ind2,indica,Bhutan,subcont,6.5
IRIS_313-11141,indx,indica,Myanmar,se.asia,7.7
IRIS_313-11149,ind3,indica,Myanmar,se.asia,10.3
IRIS_313-11153,temp,japonica,India,subcont,7.1
IRIS_313-11162,ind1B,indica,Indonesia,indo,10.6
IRIS_313-11335,ind2,indica,Philippines,indo,8
IRIS_313-11336,temp,japonica,Philippines,indo,8
IRIS_313-11404,ind2,indica,Bangladesh,subcont,6.1
IRIS_313-11425,admix,admix,Brazil,lat.am,9.7
IRIS_313-11426,trop,japonica,Brazil,lat.am,7.7
IRIS_313-11437,ind1B,indica,Mexico,lat.am,10.1
IRIS_313-11438,indx,indica,Mexico,lat.am,9.9
IRIS_313-11439,trop,japonica,Cuba,lat.am,8.9
IRIS_313-11510,indx,indica,Sri Lanka,subcont,10
IRIS_313-11565,ind2,indica,Nepal,subcont,8.4
IRIS_313-11574,temp,japonica,China,china,8.6
IRIS_313-11591,admix,admix,Malaysia,indo,8.6
IRIS_313-11623,subtrop,japonica,China,china,8.7
IRIS_313-11716,ind3,indica,Guinea,africa,9.5
IRIS_313-11758,ind2,indica,Cote d'Ivoire,africa,8
IRIS_313-11779,ind3,indica,Tanzania,africa,9.2
IRIS_313-11783,indx,indica,Gambia,africa,9.2
IRIS_313-11787,ind2,indica,Gambia,africa,8.9
IRIS_313-11797,ind1A,indica,China,china,10
IRIS_313-11808,indx,indica,Colombia,lat.am,10.2
IRIS_313-11830,ind3,indica,Gambia,africa,7.7
IRIS_313-11932,ind2,indica,Kenya,africa,9.9
IRIS_313-11938,indx,indica,Burkina Faso,africa,7.9
IRIS_313-11940,indx,indica,Burkina Faso,africa,8.5
IRIS_313-11956,admix,admix,Nepal,subcont,7.8
IRIS_313-11976,ind3,indica,Sierra Leone,africa,7.6
IRIS_313-11977,indx,indica,Madagascar,africa,7.6
IRIS_313-11988,indx,indica,Sierra Leone,africa,7.5
IRIS_313-11989,ind3,indica,Brunei Darussalam,indo,7.4
IRIS_313-12015,ind2,indica,Nigeria,africa,9.3
IRIS_313-12017,indx,indica,Ghana,africa,7.9
IRIS_313-12018,trop,japonica,Sierra Leone,africa,9.2
IRIS_313-12060,japx,japonica,China,china,7
IRIS_313-12130,ind3,indica,Lao People's Democratic Republic,se.asia,6.5
IRIS_313-12138,indx,indica,Bhutan,subcont,6.5
IRIS_313-12220,indx,indica,Lao People's Democratic Republic,se.asia,7.8
IRIS_313-12289,subtrop,japonica,Myanmar,se.asia,9.8
IRIS_313-12325,ind2,indica,Cameroon,africa,7.4
IRIS_313-8324,admix,admix,Indonesia,indo,8.9
IRIS_313-8342,aus,aus,Sri Lanka,subcont,6.1
IRIS_313-8399,temp,japonica,France,europe,8
IRIS_313-8571,ind3,indica,Tanzania,africa,10.8
IRIS_313-8669,japx,japonica,United States of America,lat.am,8.4
IRIS_313-8690,japx,japonica,Viet Nam,se.asia,7.9
IRIS_313-8745,trop,japonica,Haiti,lat.am,9.4
IRIS_313-8765,aro,aro,Bhutan,subcont,6.8
IRIS_313-8890,temp,japonica,Belgium,europe,8.1
IRIS_313-8927,subtrop,japonica,Taiwan,china,8.6
IRIS_313-8930,ind1B,indica,Bangladesh,subcont,7.9
IRIS_313-8996,ind3,indica,Viet Nam,se.asia,10.1
IRIS_313-9176,japx,japonica,India,subcont,7.3
IRIS_313-9193,japx,japonica,Brazil,lat.am,9.1
IRIS_313-9404,admix,admix,Bhutan,subcont,8.4
IRIS_313-9519,trop,japonica,Surinam,lat.am,9.1
IRIS_313-9523,japx,japonica,Japan,china,7.6
IRIS_313-9557,ind2,indica,India,subcont,5.9
IRIS_313-9648,admix,admix,United States of America,lat.am,9.6
IRIS_313-9702,temp,japonica,Taiwan,china,8.1
IRIS_313-9774,japx,japonica,Turkey,europe,7.5
IRIS_313-9782,temp,japonica,Peru,lat.am,7.3
IRIS_313-9783,admix,admix,Afghanistan,subcont,9.1
IRIS_313-9898,ind3,indica,Portugal,europe,10.2
IRIS_313-9924,indx,indica,Korea Republic of,china,8.5
IRIS_313-9935,ind2,indica,Guyana,lat.am,8
IRIS_313-9939,admix,admix,Surinam,lat.am,9.1
IRIS_313-9940,ind1B,indica,Guatemala,lat.am,10.2
IRIS_313-9949,trop,japonica,Sri Lanka,subcont,9
IRIS_313-9961,temp,japonica,Norway,europe,8.9
IRIS_313-9989,ind3,indica,Cote d'Ivoire,africa,9.3
