2,LOC_Os02g05930,LOC_Os02g05930.1,2945293,2949306,-,N,Y,Y,"phytosulfokine receptor precursor, putative, expressed"
2,LOC_Os02g04150,LOC_Os02g04150.1,1807655,1813810,-,Y,Y,Y,"retrotransposon protein, putative, unclassified, expressed"
2,LOC_Os02g01880,LOC_Os02g01880.1,484667,487862,+,N,Y,Y,"U5 small nuclear ribonucleoprotein 200 kDa helicase, putative, expressed"
2,LOC_Os02g07260,LOC_Os02g07260.1,3727494,3731349,+,N,Y,Y,"phosphoglycerate kinase protein, putative, expressed"
2,LOC_Os02g48600,LOC_Os02g48600.1,29752383,29753853,+,N,Y,Y,expressed protein
2,LOC_Os02g55260,LOC_Os02g55260.1,33838658,33843647,-,Y,Y,N,"DEAD-box ATP-dependent RNA helicase, putative, expressed"
2,LOC_Os02g21840,LOC_Os02g21840.1,12979888,12984883,+,Y,Y,Y,"retrotransposon protein, putative, unclassified, expressed"
2,LOC_Os02g54910,LOC_Os02g54910.1,33629327,33633614,-,N,Y,Y,"atATG18b, putative, expressed"
2,LOC_Os02g10550,LOC_Os02g10550.1,5554686,5556179,+,N,Y,Y,expressed protein
2,LOC_Os02g06600,LOC_Os02g06600.1,3323238,3326725,+,N,Y,Y,"receptor-like protein kinase 2 precursor, putative, expressed"
2,LOC_Os02g42400,LOC_Os02g42400.1,25508403,25508925,+,N,Y,Y,"bolA-like family protein, putative, expressed"
2,LOC_Os02g03470,LOC_Os02g03470.1,1412107,1416005,+,N,Y,Y,"tetratricopeptide repeat containing protein, putative, expressed"
2,LOC_Os02g35580,LOC_Os02g35580.1,21405667,21408866,-,Y,N,Y,"retrotransposon protein, putative, unclassified"
2,LOC_Os02g12360,LOC_Os02g12360.1,6433220,6441715,-,N,Y,Y,"nuclear protein ZAP-related, putative, expressed"
2,LOC_Os02g25290,LOC_Os02g25290.1,14746326,14751667,+,Y,Y,Y,"retrotransposon protein, putative, unclassified, expressed"
2,LOC_Os02g54400,LOC_Os02g54400.1,33333958,33337658,-,Y,Y,Y,"transposon protein, putative, CACTA, En/Spm sub-class, expressed"
2,LOC_Os02g53250,LOC_Os02g53250.1,32595475,32595828,-,N,Y,Y,expressed protein
2,LOC_Os02g45590,LOC_Os02g45590.1,27735847,27740939,-,N,Y,Y,"PPR repeat domain containing protein, putative, expressed"
2,LOC_Os02g19020,LOC_Os02g19020.1,11109195,11109685,+,N,Y,Y,expressed protein
2,LOC_Os02g29210,LOC_Os02g29210.1,17327565,17335614,-,N,Y,Y,"ankyrin, putative, expressed"
2,LOC_Os02g57700,LOC_Os02g57700.1,35334956,35340821,+,N,Y,Y,"protein kinase, putative, expressed"
2,LOC_Os02g57960,LOC_Os02g57960.1,35498222,35501036,-,N,Y,Y,"Leucine Rich Repeat family protein, expressed"
2,LOC_Os02g50940,LOC_Os02g50940.1,31145202,31146139,-,N,Y,Y,"NHL repeat-containing protein, putative, expressed"
2,LOC_Os02g44390,LOC_Os02g44390.1,26889186,26892487,+,Y,Y,Y,"retrotransposon protein, putative, unclassified, expressed"
2,LOC_Os02g05310,LOC_Os02g05310.3,2545984,2551240,+,N,Y,N,"splicing factor 3B subunit 1, putative, expressed"
4,LOC_Os04g09420,LOC_Os04g09420.1,5034578,5035062,-,N,N,Y,hypothetical protein
4,LOC_Os04g50176,LOC_Os04g50176.1,29938912,29939952,+,N,Y,Y,expressed protein
4,LOC_Os04g39970,LOC_Os04g39970.1,23790789,23792871,-,N,Y,Y,"vacuolar sorting protein 9 domain-containing protein, putative, expressed"
4,LOC_Os04g56680,LOC_Os04g56680.1,33789435,33790386,-,N,Y,Y,"OsSAUR22 - Auxin-responsive SAUR gene family member, expressed"
4,LOC_Os04g21720,LOC_Os04g21720.1,12290181,12290657,+,N,Y,Y,"N2, N2-dimethylguanosine tRNA methyltransferase, putative, expressed"
4,LOC_Os04g27440,LOC_Os04g27440.1,16230376,16230790,-,Y,Y,Y,"retrotransposon protein, putative, unclassified, expressed"
4,LOC_Os04g23470,LOC_Os04g23470.1,13414950,13421992,-,Y,Y,Y,"transposon protein, putative, unclassified, expressed"
4,LOC_Os04g27520,LOC_Os04g27520.1,16266856,16272948,-,Y,Y,Y,"retrotransposon protein, putative, unclassified, expressed"
4,LOC_Os04g21330,LOC_Os04g21330.1,12040040,12043213,-,N,N,Y,hypothetical protein
4,LOC_Os04g57610,LOC_Os04g57610.1,34278412,34285869,-,N,Y,Y,"auxin response factor, putative, expressed"
4,LOC_Os04g33220,LOC_Os04g33220.1,20099031,20103020,-,N,Y,Y,"SAM domain family protein, expressed"
4,LOC_Os04g28710,LOC_Os04g28710.1,17014139,17014532,-,N,N,Y,hypothetical protein
4,LOC_Os04g32170,LOC_Os04g32170.1,19293287,19293610,+,N,N,Y,hypothetical protein
4,LOC_Os04g16410,LOC_Os04g16410.1,8917984,8920617,-,Y,Y,Y,"retrotransposon protein, putative, unclassified, expressed"
4,LOC_Os04g50140,LOC_Os04g50140.1,29902199,29904716,+,Y,N,Y,"retrotransposon protein, putative, unclassified"
4,LOC_Os04g29890,LOC_Os04g29890.1,17819354,17823540,+,Y,Y,Y,"transposon protein, putative, CACTA, En/Spm sub-class, expressed"
4,LOC_Os04g51404,LOC_Os04g51404.1,30442140,30444221,+,N,Y,Y,expressed protein
4,LOC_Os04g15740,LOC_Os04g15740.1,8555454,8555965,-,N,Y,Y,"DEFL50 - Defensin and Defensin-like DEFL family, expressed"
4,LOC_Os04g53280,LOC_Os04g53280.1,31734034,31740123,-,Y,Y,Y,"retrotransposon protein, putative, Ty3-gypsy subclass, expressed"
4,LOC_Os04g15640,LOC_Os04g15640.1,8504260,8505480,+,N,Y,Y,expressed protein
4,LOC_Os04g48300,LOC_Os04g48300.1,28786771,28787582,-,N,N,Y,hypothetical protein
4,LOC_Os04g29250,LOC_Os04g29250.1,17343728,17345356,+,Y,Y,Y,"retrotransposon protein, putative, unclassified, expressed"
4,LOC_Os04g19750,LOC_Os04g19750.1,11033187,11034867,-,N,Y,Y,"OsFBL11 - F-box domain and LRR containing protein, expressed"
4,LOC_Os04g52770,LOC_Os04g52770.1,31416378,31420192,+,N,Y,Y,"helix-loop-helix DNA-binding domain containing protein, expressed"
4,LOC_Os04g38090,LOC_Os04g38090.1,22672491,22676283,-,Y,Y,Y,"retrotransposon protein, putative, Ty3-gypsy subclass, expressed"
6,LOC_Os06g38030,LOC_Os06g38030.1,22481068,22482326,+,Y,Y,Y,"retrotransposon protein, putative, Ty3-gypsy subclass, expressed"
6,LOC_Os06g09140,LOC_Os06g09140.1,4604420,4605034,-,N,Y,Y,expressed protein
6,LOC_Os06g19690,LOC_Os06g19690.1,11244642,11248710,-,N,Y,Y,expressed protein
6,LOC_Os06g39590,LOC_Os06g39590.1,23501973,23503503,+,N,Y,Y,"OsIAA23 - Auxin-responsive Aux/IAA gene family member, expressed"
6,LOC_Os06g42510,LOC_Os06g42510.1,25558689,25561993,-,Y,Y,Y,"transposon protein, putative, CACTA, En/Spm sub-class, expressed"
6,LOC_Os06g36150,LOC_Os06g36150.1,21157841,21158453,+,Y,Y,Y,"retrotransposon, putative, centromere-specific, expressed"
6,LOC_Os06g28460,LOC_Os06g28460.1,16187332,16194210,+,Y,Y,Y,"retrotransposon, putative, centromere-specific, expressed"
6,LOC_Os06g32370,LOC_Os06g32370.1,18837877,18838323,-,N,N,Y,"THION16 - Plant thionin family protein precursor, putative"
6,LOC_Os06g05060,LOC_Os06g05060.1,2234119,2239162,-,N,Y,Y,"ELF3 protein, putative, expressed"
6,LOC_Os06g11980,LOC_Os06g11980.1,6395388,6397221,-,N,Y,Y,"DUF581 domain containing protein, expressed"
6,LOC_Os06g25680,LOC_Os06g25680.1,15006065,15008361,-,Y,N,Y,"transposon protein, putative, CACTA, En/Spm sub-class"
6,LOC_Os06g02750,LOC_Os06g02750.1,998122,1002419,+,Y,Y,Y,"retrotransposon protein, putative, unclassified, expressed"
6,LOC_Os06g05930,LOC_Os06g05930.1,2714450,2715133,-,N,Y,Y,expressed protein
6,LOC_Os06g33810,LOC_Os06g33810.1,19663227,19669713,+,N,Y,Y,"zinc finger protein, putative, expressed"
6,LOC_Os06g32580,LOC_Os06g32580.1,18951374,18952736,-,Y,Y,Y,"transposon protein, putative, CACTA, En/Spm sub-class, expressed"
6,LOC_Os06g35200,LOC_Os06g35200.1,20522130,20524985,+,N,Y,Y,"receptor-like kinase, putative, expressed"
6,LOC_Os06g48660,LOC_Os06g48660.1,29441619,29444248,+,N,Y,Y,"DEFL21 - Defensin and Defensin-like DEFL family, expressed"
6,LOC_Os06g41384,LOC_Os06g41384.1,24808757,24811960,-,N,Y,N,"zinc finger C-x8-C-x5-C-x3-H type family protein, expressed"
6,LOC_Os06g20390,LOC_Os06g20390.1,11712592,11717065,+,N,Y,Y,expressed protein
6,LOC_Os06g50180,LOC_Os06g50180.1,30383137,30386890,-,N,Y,Y,"DUF803 domain containing, putative, expressed"
6,LOC_Os06g01290,LOC_Os06g01290.1,182104,184623,+,N,Y,Y,expressed protein
6,LOC_Os06g37650,LOC_Os06g37650.1,22305091,22306541,+,N,N,Y,hypothetical protein
6,LOC_Os06g13170,LOC_Os06g13170.1,7221749,7224410,+,N,Y,Y,expressed protein
6,LOC_Os06g44790,LOC_Os06g44790.1,27059070,27062657,-,N,Y,Y,expressed protein
6,LOC_Os06g22350,LOC_Os06g22350.1,12973921,12978456,-,N,Y,Y,expressed protein
8,LOC_Os08g37490,LOC_Os08g37490.1,23750332,23752579,+,N,Y,Y,"14-3-3 protein, putative, expressed"
8,LOC_Os08g24960,LOC_Os08g24960.1,15133662,15134153,-,N,N,Y,hypothetical protein
8,LOC_Os08g34879,LOC_Os08g34879.1,21951639,21955558,-,N,Y,Y,expressed protein
8,LOC_Os08g11630,LOC_Os08g11630.1,6821044,6821517,-,Y,N,Y,"retrotransposon protein, putative, Ty3-gypsy subclass"
8,LOC_Os08g40550,LOC_Os08g40550.1,25668739,25673540,-,Y,Y,Y,"retrotransposon protein, putative, unclassified, expressed"
8,LOC_Os08g15220,LOC_Os08g15220.1,9213346,9217793,+,Y,Y,Y,"retrotransposon protein, putative, unclassified, expressed"
8,LOC_Os08g22170,LOC_Os08g22170.1,13372018,13372245,+,N,Y,Y,expressed protein
8,LOC_Os08g35000,LOC_Os08g35000.2,22038850,22048677,-,N,Y,N,"ARID/BRIGHT DNA-binding domain containing protein, expressed"
8,LOC_Os08g08190,LOC_Os08g08190.1,4672401,4675498,+,N,Y,Y,expressed protein
8,LOC_Os08g42290,LOC_Os08g42290.1,26696844,26699355,+,N,Y,Y,expressed protein
8,LOC_Os08g01260,LOC_Os08g01260.1,167960,168583,+,N,Y,Y,"VQ domain containing protein, putative, expressed"
8,LOC_Os08g22340,LOC_Os08g22340.1,13462303,13467810,+,Y,Y,Y,"retrotransposon protein, putative, unclassified, expressed"
8,LOC_Os08g09450,LOC_Os08g09450.1,5474995,5477878,-,N,Y,Y,"OsFBL41 - F-box domain and LRR containing protein, expressed"
8,LOC_Os08g07100,LOC_Os08g07100.1,3972216,3977334,+,N,Y,Y,"terpene synthase, putative, expressed"
8,LOC_Os08g42890,LOC_Os08g42890.1,27118803,27119438,+,N,Y,Y,"pectinesterase inhibitor domain containing protein, expressed"
8,LOC_Os08g16030,LOC_Os08g16030.1,9780201,9781984,+,N,Y,Y,expressed protein
8,LOC_Os08g11430,LOC_Os08g11430.1,6700177,6704358,+,Y,Y,Y,"retrotransposon protein, putative, Ty3-gypsy subclass, expressed"
8,LOC_Os08g28100,LOC_Os08g28100.1,17143225,17148309,-,Y,Y,Y,"retrotransposon protein, putative, unclassified, expressed"
8,LOC_Os08g03870,LOC_Os08g03870.2,1843879,1846218,+,N,Y,N,"2-aminoethanethiol dioxygenase, putative, expressed"
8,LOC_Os08g02360,LOC_Os08g02360.1,936009,940477,-,N,Y,Y,"exosome complex exonuclease, putative, expressed"
8,LOC_Os08g42630,LOC_Os08g42630.1,26945672,26946675,+,N,Y,Y,expressed protein
8,LOC_Os08g02930,LOC_Os08g02930.1,1275752,1278840,+,N,Y,Y,expressed protein
8,LOC_Os08g26544,LOC_Os08g26544.1,16158118,16161001,-,N,Y,Y,expressed protein
8,LOC_Os08g43580,LOC_Os08g43580.1,27565801,27568630,-,N,Y,Y,"acyl carrier protein, putative, expressed"
8,LOC_Os08g07590,LOC_Os08g07590.1,4263883,4264977,+,N,Y,Y,expressed protein
6,LOC_Os06g03540,LOC_Os06g03540.1,1364906,1369008,-,N,Y,Y,"oligopeptide transporter, putative, expressed"
6,LOC_Os06g05740,LOC_Os06g05740.1,2589008,2592267,-,N,Y,Y,expressed protein
6,LOC_Os06g08400,LOC_Os06g08400.1,4093231,4100936,+,N,Y,Y,"LIM domain-containing protein, putative, expressed"
6,LOC_Os06g12040,LOC_Os06g12040.1,6452737,6454454,-,N,Y,Y,"mTERF family protein, expressed"
6,LOC_Os06g24240,LOC_Os06g24240.1,14196594,14196962,-,N,Y,Y,expressed protein
6,LOC_Os06g36940,LOC_Os06g36940.1,21763118,21765044,-,N,Y,Y,expressed protein
6,LOC_Os06g37540,LOC_Os06g37540.1,22223461,22223765,-,Y,N,Y,hypothetical protein
6,LOC_Os06g40070,LOC_Os06g40070.1,23847493,23851042,-,N,Y,Y,"NADP-dependent oxidoreductase, putative, expressed"
6,LOC_Os06g40140,LOC_Os06g40140.1,23890741,23891334,-,N,Y,Y,expressed protein
6,LOC_Os06g40500,LOC_Os06g40500.1,24139349,24142390,+,N,Y,Y,expressed protein
2,LOC_Os02g01930,LOC_Os02g01930.1,502785,504038,-,N,Y,Y,expressed protein
2,LOC_Os02g06250,LOC_Os02g06250.1,3124211,3126662,-,N,Y,Y,"phytosulfokine receptor precursor, putative, expressed"
2,LOC_Os02g21310,LOC_Os02g21310.1,12649917,12651470,-,N,Y,Y,expressed protein
2,LOC_Os02g39470,LOC_Os02g39470.1,23810292,23819824,-,N,Y,Y,"cyclin, N-terminal domain containing protein, expressed"
2,LOC_Os02g40340,LOC_Os02g40340.1,24432051,24435197,-,N,Y,Y,expressed protein
