samps,population
IRIS_313-11258,ARO_IRRI
IRIS_313-8326,ARO_IRRI
IRIS_313-11270,ARO_IRRI
IRIS_313-11289,ARO_IRRI
IRIS_313-11052,AUS_IRRI
IRIS_313-11058,AUS_IRRI
IRIS_313-11737,AUS_IRRI
IRIS_313-11298,AUS_IRRI
IRIS_313-10852,AUS_IRRI
IRIS_313-11809,AUS_IRRI
IRIS_313-11796,IND_IRRI
IRIS_313-11668,IND_IRRI
IRIS_313-11802,IND_IRRI
IRIS_313-11805,IND_IRRI
IRIS_313-11665,IND_IRRI
IRIS_313-11798,IND_IRRI
IRIS_313-11643,IND_IRRI
IRIS_313-11251,IND_IRRI
IRIS_313-11723,IND_IRRI
IRIS_313-11645,IND_IRRI
IRIS_313-11646,IND_IRRI
IRIS_313-11794,IND_IRRI
IRIS_313-11728,IND_IRRI
IRIS_313-8493,IND_IRRI
IRIS_313-11812,IND_IRRI
IRIS_313-8312,IND_IRRI
IRIS_313-9409,IND_IRRI
IRIS_313-11819,IND_IRRI
IRIS_313-10177,IND_IRRI
IRIS_313-11748,IND_IRRI
IRIS_313-11744,IND_IRRI
IRIS_313-11807,IND_IRRI
IRIS_313-11740,IND_IRRI
IRIS_313-10337,IND_IRRI
IRIS_313-11717,IND_IRRI
IRIS_313-11817,IND_IRRI
IRIS_313-10870,JAP_IRRI
IRIS_313-12349,JAP_IRRI
IRIS_313-11094,JAP_IRRI
IRIS_313-11661,JAP_IRRI
IRIS_313-11651,JAP_IRRI
IRIS_313-11652,JAP_IRRI
IRIS_313-11725,JAP_IRRI
IRIS_313-11689,JAP_IRRI
IRIS_313-11759,JAP_IRRI
IRIS_313-11755,JAP_IRRI
IRIS_313-11790,JAP_IRRI
IRIS_313-11673,JAP_IRRI
IRIS_313-11736,JAP_IRRI
IRIS_313-11297,ADM_IRRI
IRIS_313-10883,ADM_IRRI
IRIS_313-12094,ARO_IRRI
IRIS_313-11026,ARO_IRRI
IRIS_313-12141,AUS_IRRI
IRIS_313-8390,AUS_IRRI
IRIS_313-9039,IND_IRRI
IRIS_313-11280,IND_IRRI
IRIS_313-10888,JAP_IRRI
IRIS_313-9778,ADM_IRRI
IRIS_313-9464,ADM_IRRI
IRIS_313-10969,AUS_IRRI
IRIS_313-11411,IND_IRRI
IRIS_313-9841,IND_IRRI
IRIS_313-9771,JAP_IRRI
IRIS_313-11428,JAP_IRRI
IRIS_313-10025,ADM_IRRI
IRIS_313-11767,ADM_IRRI
IRIS_313-11765,ARO_IRRI
IRIS_313-10032,ARO_IRRI
IRIS_313-12118,IND_IRRI
IRIS_313-11814,IND_IRRI
IRIS_313-11121,JAP_IRRI
IRIS_313-9742,JAP_IRRI
IRIS_313-10738,ADM_IRRI
IRIS_313-9101,ADM_IRRI
IRIS_313-10380,AUS_IRRI
IRIS_313-10955,IND_IRRI
IRIS_313-11235,IND_IRRI
IRIS_313-9616,JAP_IRRI
IRIS_313-11971,JAP_IRRI
IRIS_313-8873,ADM_IRRI
IRIS_313-10585,ADM_IRRI
IRIS_313-11698,ARO_IRRI
IRIS_313-11157,IND_IRRI
IRIS_313-12061,JAP_IRRI
IRIS_313-10079,JAP_IRRI
IRIS_313-11136,ADM_IRRI
IRIS_313-11092,ADM_IRRI
IRIS_313-12074,ARO_IRRI
IRIS_313-12148,IND_IRRI
IRIS_313-10654,IND_IRRI
IRIS_313-12164,JAP_IRRI
IRIS_313-12341,JAP_IRRI
IRIS_313-11189,ADM_IRRI
IRIS_313-8747,ARO_IRRI
IRIS_313-12016,IND_IRRI
IRIS_313-9817,IND_IRRI
IRIS_313-9813,JAP_IRRI
IRIS_313-10061,JAP_IRRI
IRIS_313-9795,IND_IRRI
IRIS_313-10010,IND_IRRI
IRIS_313-10014,JAP_IRRI
IRIS_313-10020,AUS_IRRI
IRIS_313-10034,IND_IRRI
IRIS_313-10046,IND_IRRI
IRIS_313-10047,IND_IRRI
IRIS_313-10054,IND_IRRI
IRIS_313-10113,IND_IRRI
IRIS_313-10289,IND_IRRI
IRIS_313-10301,IND_IRRI
IRIS_313-10397,IND_IRRI
IRIS_313-10484,IND_IRRI
IRIS_313-10516,IND_IRRI
IRIS_313-10572,IND_IRRI
IRIS_313-10573,IND_IRRI
IRIS_313-10614,IND_IRRI
IRIS_313-10640,IND_IRRI
IRIS_313-10705,IND_IRRI
IRIS_313-10712,JAP_IRRI
IRIS_313-10722,JAP_IRRI
IRIS_313-10723,IND_IRRI
IRIS_313-10725,IND_IRRI
IRIS_313-10726,IND_IRRI
IRIS_313-10733,IND_IRRI
IRIS_313-11056,AUS_IRRI
IRIS_313-11075,JAP_IRRI
IRIS_313-11120,IND_IRRI
IRIS_313-11141,IND_IRRI
IRIS_313-11149,IND_IRRI
IRIS_313-11153,JAP_IRRI
IRIS_313-11162,IND_IRRI
IRIS_313-11335,IND_IRRI
IRIS_313-11336,JAP_IRRI
IRIS_313-11404,IND_IRRI
IRIS_313-11425,ADM_IRRI
IRIS_313-11426,JAP_IRRI
IRIS_313-11437,IND_IRRI
IRIS_313-11438,IND_IRRI
IRIS_313-11439,JAP_IRRI
IRIS_313-11510,IND_IRRI
IRIS_313-11565,IND_IRRI
IRIS_313-11574,JAP_IRRI
IRIS_313-11591,ADM_IRRI
IRIS_313-11623,JAP_IRRI
IRIS_313-11716,IND_IRRI
IRIS_313-11758,IND_IRRI
IRIS_313-11779,IND_IRRI
IRIS_313-11783,IND_IRRI
IRIS_313-11787,IND_IRRI
IRIS_313-11797,IND_IRRI
IRIS_313-11808,IND_IRRI
IRIS_313-11830,IND_IRRI
IRIS_313-11932,IND_IRRI
IRIS_313-11938,IND_IRRI
IRIS_313-11940,IND_IRRI
IRIS_313-11956,ADM_IRRI
IRIS_313-11976,IND_IRRI
IRIS_313-11977,IND_IRRI
IRIS_313-11988,IND_IRRI
IRIS_313-11989,IND_IRRI
IRIS_313-12015,IND_IRRI
IRIS_313-12017,IND_IRRI
IRIS_313-12018,JAP_IRRI
IRIS_313-12060,JAP_IRRI
IRIS_313-12130,IND_IRRI
IRIS_313-12138,IND_IRRI
IRIS_313-12220,IND_IRRI
IRIS_313-12289,JAP_IRRI
IRIS_313-12325,IND_IRRI
IRIS_313-8324,ADM_IRRI
IRIS_313-8342,AUS_IRRI
IRIS_313-8399,JAP_IRRI
IRIS_313-8571,IND_IRRI
IRIS_313-8669,JAP_IRRI
IRIS_313-8690,JAP_IRRI
IRIS_313-8745,JAP_IRRI
IRIS_313-8765,ARO_IRRI
IRIS_313-8890,JAP_IRRI
IRIS_313-8927,JAP_IRRI
IRIS_313-8930,IND_IRRI
IRIS_313-8996,IND_IRRI
IRIS_313-9176,JAP_IRRI
IRIS_313-9193,JAP_IRRI
IRIS_313-9404,ADM_IRRI
IRIS_313-9519,JAP_IRRI
IRIS_313-9523,JAP_IRRI
IRIS_313-9557,IND_IRRI
IRIS_313-9648,ADM_IRRI
IRIS_313-9702,JAP_IRRI
IRIS_313-9774,JAP_IRRI
IRIS_313-9782,JAP_IRRI
IRIS_313-9783,ADM_IRRI
IRIS_313-9898,IND_IRRI
IRIS_313-9924,IND_IRRI
IRIS_313-9935,IND_IRRI
IRIS_313-9939,ADM_IRRI
IRIS_313-9940,IND_IRRI
IRIS_313-9949,JAP_IRRI
IRIS_313-9961,JAP_IRRI
IRIS_313-9989,IND_IRRI
W00120,AUS_RGD
W00122,AUS_RGD
W00154,AUS_RGD
W00170,AUS_RGD
W00177,AUS_RGD
W00178,AUS_RGD
W00180,AUS_RGD
W00083,JAP_RGD
W00088,JAP_RGD
W00132,JAP_RGD
W00133,JAP_RGD
W00167,JAP_RGD
W00176,JAP_RGD
W00195,JAP_RGD
W00221,JAP_RGD
W00223,JAP_RGD
W00237,JAP_RGD
W00252,JAP_RGD
W00258,JAP_RGD
W00269,JAP_RGD
W00306,JAP_RGD
W00319,JAP_RGD
W00025,IND_RGD
W00039,IND_RGD
W00040,IND_RGD
W00052,IND_RGD
W00053,IND_RGD
W00054,IND_RGD
W00055,IND_RGD
W00056,IND_RGD
W00057,IND_RGD
W00058,IND_RGD
W00059,IND_RGD
W00060,IND_RGD
W00061,IND_RGD
W00062,IND_RGD
W00063,IND_RGD
W00065,IND_RGD
W00066,IND_RGD
W00067,IND_RGD
W00068,IND_RGD
W00069,IND_RGD
W00070,IND_RGD
W00071,IND_RGD
W00072,IND_RGD
W00073,IND_RGD
W00074,IND_RGD
W00075,IND_RGD
W00076,IND_RGD
W00077,IND_RGD
W00078,IND_RGD
W00079,IND_RGD
W00080,IND_RGD
W00081,IND_RGD
W00082,IND_RGD
W00084,IND_RGD
W00085,IND_RGD
W00086,IND_RGD
W00087,IND_RGD
W00089,IND_RGD
W00090,IND_RGD
W00091,IND_RGD
W00092,IND_RGD
W00093,IND_RGD
W00094,IND_RGD
W00095,IND_RGD
W00096,IND_RGD
W00097,IND_RGD
W00098,IND_RGD
W00099,IND_RGD
W00101,IND_RGD
W00102,IND_RGD
W00103,IND_RGD
W00104,IND_RGD
W00105,IND_RGD
W00106,IND_RGD
W00108,IND_RGD
W00109,IND_RGD
W00110,IND_RGD
W00112,IND_RGD
W00113,IND_RGD
W00114,IND_RGD
W00116,IND_RGD
W00117,IND_RGD
W00119,IND_RGD
W00121,IND_RGD
W00123,IND_RGD
W00124,IND_RGD
W00125,IND_RGD
W00126,IND_RGD
W00127,IND_RGD
W00128,IND_RGD
W00129,IND_RGD
W00130,IND_RGD
W00131,IND_RGD
W00134,IND_RGD
W00136,IND_RGD
W00137,IND_RGD
W00138,IND_RGD
W00139,IND_RGD
W00140,IND_RGD
W00141,IND_RGD
W00143,IND_RGD
W00144,IND_RGD
W00145,IND_RGD
W00146,IND_RGD
W00147,IND_RGD
W00148,IND_RGD
W00149,IND_RGD
W00150,IND_RGD
W00151,IND_RGD
W00152,IND_RGD
W00153,IND_RGD
W00155,IND_RGD
W00156,IND_RGD
W00157,IND_RGD
W00159,IND_RGD
W00160,IND_RGD
W00161,IND_RGD
W00162,IND_RGD
W00163,IND_RGD
W00164,IND_RGD
W00165,IND_RGD
W00166,IND_RGD
W00168,IND_RGD
W00169,IND_RGD
W00171,IND_RGD
W00172,IND_RGD
W00174,IND_RGD
W00175,IND_RGD
W00179,IND_RGD
W00181,IND_RGD
W00183,IND_RGD
W00184,IND_RGD
W00186,IND_RGD
W00187,IND_RGD
W00188,IND_RGD
W00189,IND_RGD
W00190,IND_RGD
W00191,IND_RGD
W00192,IND_RGD
W00193,IND_RGD
W00194,IND_RGD
W00196,IND_RGD
W00197,IND_RGD
W00198,IND_RGD
W00199,IND_RGD
W00201,IND_RGD
W00204,IND_RGD
W00205,IND_RGD
W00206,IND_RGD
W00207,IND_RGD
W00208,IND_RGD
W00209,IND_RGD
W00210,IND_RGD
W00211,IND_RGD
W00212,IND_RGD
W00213,IND_RGD
W00214,IND_RGD
W00215,IND_RGD
W00216,IND_RGD
W00217,IND_RGD
W00218,IND_RGD
W00219,IND_RGD
W00220,IND_RGD
W00222,IND_RGD
W00224,IND_RGD
W00225,IND_RGD
W00226,IND_RGD
W00227,IND_RGD
W00228,IND_RGD
W00229,IND_RGD
W00231,IND_RGD
W00232,IND_RGD
W00233,IND_RGD
W00234,IND_RGD
W00235,IND_RGD
W00236,IND_RGD
W00238,IND_RGD
W00239,IND_RGD
W00240,IND_RGD
W00241,IND_RGD
W00242,IND_RGD
W00243,IND_RGD
W00244,IND_RGD
W00245,IND_RGD
W00246,IND_RGD
W00247,IND_RGD
W00248,IND_RGD
W00250,IND_RGD
W00251,IND_RGD
W00253,IND_RGD
W00254,IND_RGD
W00255,IND_RGD
W00256,IND_RGD
W00257,IND_RGD
W00259,IND_RGD
W00260,IND_RGD
W00263,IND_RGD
W00264,IND_RGD
W00265,IND_RGD
W00266,IND_RGD
W00267,IND_RGD
W00268,IND_RGD
W00270,IND_RGD
W00271,IND_RGD
W00273,IND_RGD
W00274,IND_RGD
W00275,IND_RGD
W00277,IND_RGD
W00278,IND_RGD
W00279,IND_RGD
W00280,IND_RGD
W00281,IND_RGD
W00282,IND_RGD
W00283,IND_RGD
W00284,IND_RGD
W00285,IND_RGD
W00286,IND_RGD
W00287,IND_RGD
W00288,IND_RGD
W00289,IND_RGD
W00290,IND_RGD
W00292,IND_RGD
W00293,IND_RGD
W00294,IND_RGD
W00295,IND_RGD
W00296,IND_RGD
W00297,IND_RGD
W00298,IND_RGD
W00299,IND_RGD
W00300,IND_RGD
W00301,IND_RGD
W00302,IND_RGD
W00303,IND_RGD
W00304,IND_RGD
W00305,IND_RGD
W00307,IND_RGD
W00309,IND_RGD
W00310,IND_RGD
W00311,IND_RGD
W00312,IND_RGD
W00314,IND_RGD
W00315,IND_RGD
W00316,IND_RGD
W00317,IND_RGD
W00318,IND_RGD
W00321,IND_RGD
W00322,IND_RGD
W00323,IND_RGD
W00324,IND_RGD
W00325,IND_RGD
W00326,IND_RGD
W00327,IND_RGD
W00328,IND_RGD
W00329,IND_RGD
W00331,IND_RGD
W00332,IND_RGD
W00333,IND_RGD
W00334,IND_RGD
W00335,IND_RGD
W00336,IND_RGD
W00337,IND_RGD
W00338,IND_RGD
W00339,IND_RGD
W00340,IND_RGD
W00341,IND_RGD
W00342,IND_RGD
W00343,IND_RGD
W00344,IND_RGD
W00346,IND_RGD
W00347,IND_RGD
W00348,IND_RGD
W00349,IND_RGD
W00350,IND_RGD
W00351,IND_RGD
W00352,IND_RGD
W00354,IND_RGD
W00356,IND_RGD
