acc,Ecotype,xxx,yyy,Name,GS No.,type
W_OS_00120,Aus,GW021,100378279,DHARIA,IRRI,Foreign donor
W_OS_00122,Aus,GW025,100368942,FR13A,NA,Foreign donor
W_OS_00154,Aus,DP004,100378274,Kalubala Vee,NA,Foreign donor
W_OS_00170,Aus,DP001,100378272,Dular (GS.20018),20018,Foreign donor
W_OS_00177,Aus,GW018,100342632,CT9993,NA,Foreign donor
W_OS_00178,Aus,GW019,100342633,DH103,NA,Foreign donor
W_OS_00180,Aus,GW022,100342635,DV85,NA,Foreign donor
W_OS_00083,Japonica,GW056,100342670,Knga Kyein Thee,NA,Maekhong variety
W_OS_00088,Japonica,GW051,100342669,Kauk Kyi Taung Pyan ,NA,Maekhong variety
W_OS_00132,Japonica,GW081,100342605,Jao Khao Chiang Mai,24601,RD variety
W_OS_00133,Japonica,GW091,100342616,Niaw Daw Chaw Mai Pai 49,24612,RD variety
W_OS_00167,Japonica,DP041,100378277,Hoi Mueng,14142,Landrace
W_OS_00176,Japonica,GW005,100342623,Azucena,NA,Foreign donor
W_OS_00195,Japonica,GW064,100342681,Pawsan hmwe,NA,Maekhong variety
W_OS_00221,Japonica,GW106,100342725,Gai Noi Leuang,NA,Maekhong variety
W_OS_00223,Japonica,GW109,100342516,Ai-Tai,8100,Landrace
W_OS_00237,Japonica,GW150,100342617,Khao Niaw Leum Pua,24613,Landrace
W_OS_00252,Japonica,GW174,100342284,Dawk Pa-yawm GS.23856,23856,Landrace
W_OS_00258,Japonica,GW185,100342590,Nam Roo,23725,Landrace
W_OS_00269,Japonica,GW201,100342381,Payah Luem Gaeng,24841,Landrace
W_OS_00306,Japonica,GW263,100342517,Hawm Puang,8113,Landrace
W_OS_00319,Japonica,DP027,100378276,Sai Rai,14331,Landrace
W_OS_00025,Indica,GW083,100368941,Jao Hawm Nin,NA,RGD improved line
W_OS_00039,Indica,GW052,100342666,KD105 UBN,NA,RD variety
W_OS_00040,Indica,GW066,100342679,Pokkali,NA,Foreign donor
W_OS_00052,Indica,GW205,100342555,Puang Tawng (GS.18442),18442,Landrace
W_OS_00053,Indica,GW067,100342568,PSL85063-9-1-2,20663,Misc
W_OS_00054,Indica,GW272,100368947,IRRIC-BPH-WRI-67-111,NA,Misc
W_OS_00055,Indica,GW183,100342477,Nahng Cha-lawng,2023,Landrace
W_OS_00056,Indica,GW138,100368940,RD69 (Thabthim Chumphae),RD,RD variety
W_OS_00057,Indica,GW164,100342514,Khi Tom Gamnan,7627,Landrace
W_OS_00058,Indica,GW071,100342712,T6-4,NA,RGD improved line
W_OS_00059,Indica,GW158,100342493,Khao Nok,4478,Landrace
W_OS_00060,Indica,GW216,100342464,Man Ped 215-33-65,616,Landrace
W_OS_00061,Indica,GW008,100342556,BENARA,18580,Foreign donor
W_OS_00062,Indica,GW199,100342678,Pinkaset 4,NA,RGD improved line
W_OS_00063,Indica,GW148,100342588,Khao Jao Hawm Phitsanulok 1,23409,RD variety
W_OS_00065,Indica,GW173,100342530,Daw Muey,13773,Landrace
W_OS_00066,Indica,GW273,100368950,RGD16054(4)-MAS-228,NA,RGD improved line
W_OS_00067,Indica,GW010,100342553,CHEMPAN,18145,Foreign donor
W_OS_00068,Indica,GW149,100342582,Khao Jao Hawm Supanburi,23062,RD variety
W_OS_00069,Indica,GW134,100342639,RD51,NA,RD variety
W_OS_00070,Indica,GW135,100368917,RD57,RD,RD variety
W_OS_00071,Indica,GW072,100342713,T6-6,NA,RGD improved line
W_OS_00072,Indica,GW045,100368945,IR60,15963,IRRI
W_OS_00073,Indica,GW108,100342709,Rice Berry,NA,RGD improved line
W_OS_00074,Indica,GW154,100342611,Khao Gaw Diaw 35,24607,RD variety
W_OS_00075,Indica,GW232,100342481,Surin1,2705,RD variety
W_OS_00076,Indica,GW015,100342629,CSSL-Chr1 (11),NA,RGD improved line
W_OS_00077,Indica,GW169,100342614,Chaw Lung 97,24610,RD variety
W_OS_00078,Indica,GW057,100342671,MeeKauk ,NA,Maekhong variety
W_OS_00079,Indica,GW035,100342649,HomMali841,NA,RGD improved line
W_OS_00080,Indica,GW147,100342581,Khao Jao Hawm Klongluang 1,23061,RD variety
W_OS_00081,Indica,GW123,100342704,RD33,NA,RD variety
W_OS_00082,Indica,GW145,100342583,Kra dook Ngoo,23179,Landrace
W_OS_00084,Indica,GW160,100342466,Khao Bahn Pong 132,867,RD variety
W_OS_00085,Indica,GW115,100342365,RD15,19326,RD variety
W_OS_00086,Indica,GW077,100342548,Khem Tawng Phatthalung,17758,RD variety
W_OS_00087,Indica,GW228,100342529,Supan Buri 3,13747,RD variety
W_OS_00089,Indica,GW204,100342366,Plai Ngahm Prachinburi,20846,RD variety
W_OS_00090,Indica,GW044,100368944,IR58,18714,IRRI
W_OS_00091,Indica,GW016,100342630,CSSL-Chr1 (16),NA,RGD improved line
W_OS_00092,Indica,GW036,100342651,Improved Sinthulette-SalTol,NA,Maekhong variety
W_OS_00093,Indica,GW181,100342717,Thunyasirin,NA,RGD improved line
W_OS_00094,Indica,GW121,100342596,RD29,24534,RD variety
W_OS_00095,Indica,GW130,100342612,RD45,24608,RD variety
W_OS_00096,Indica,GW213,100342598,Phitsanulok 80,24547,RD variety
W_OS_00097,Indica,GW271,100342653,IR40,NA,IRRI
W_OS_00098,Indica,GW189,100342589,Beu Saw Mi,23719,Landrace
W_OS_00099,Indica,GW116,100342491,RD17,3999,RD variety
W_OS_00101,Indica,GW239,100342638,Hawm Cholasit,NA,RGD improved line
W_OS_00102,Indica,GW142,100368936,RD-MAEJO2,RD,RD variety
W_OS_00103,Indica,GW014,100342566,CNTLR82006-KSR-2-7,20412,Misc
W_OS_00104,Indica,GW129,100342610,RD43,24606,RD variety
W_OS_00105,Indica,GW177,100342559,Di ngoo-leum,19117,Landrace
W_OS_00106,Indica,GW059,100368937,Mu9962,NA,RGD improved line
W_OS_00108,Indica,GW139,100342554,RD7,18432,RD variety
W_OS_00109,Indica,GW227,100342569,Supan Buri 2,20776,RD variety
W_OS_00110,Indica,GW128,100342609,RD41,24605,RD variety
W_OS_00112,Indica,GW226,100342528,Supan Buri 1,13745,RD variety
W_OS_00113,Indica,GW118,100342494,RD21,4791,RD variety
W_OS_00114,Indica,GW191,100342592,Pathum Thani 1,23898,RD variety
W_OS_00116,Indica,GW001,100342723,1094-61,NA,Misc
W_OS_00117,Indica,GW006,100342625,BA7,NA,Foreign donor
W_OS_00119,Indica,GW009,100342483,BRJ1-13-B-55,3022,Misc
W_OS_00121,Indica,GW023,100342636,FL496,NA,Foreign donor
W_OS_00123,Indica,GW027,100342641,HomMali803-1,NA,RGD improved line
W_OS_00124,Indica,GW028,100342642,HomMali803-2,NA,RGD improved line
W_OS_00125,Indica,GW031,100342645,HomMali821,NA,RGD improved line
W_OS_00126,Indica,GW037,100342657,IR1188,NA,Foreign donor
W_OS_00127,Indica,GW047,100342655,IR64,NA,IRRI
W_OS_00128,Indica,GW048,100342656,IR72,NA,IRRI
W_OS_00129,Indica,GW061,100342674,Nanobokra,NA,Foreign donor
W_OS_00130,Indica,GW062,100342676,No.51-Pijit,NA,Misc
W_OS_00131,Indica,GW065,100342677,PK1-PY-BLB-2,NA,RGD improved line
W_OS_00134,Indica,GW094,100342586,Niaw Ubon1,23407,RD variety
W_OS_00136,Indica,GW114,100342608,RD14,24604,RD variety
W_OS_00137,Indica,GW119,100342560,RD23,19325,RD variety
W_OS_00138,Indica,GW151,100342573,Khao Pong Kai,21857,Landrace
W_OS_00139,Indica,GW168,100342497,Jampah Sawn,4925,Landrace
W_OS_00140,Indica,GW176,100342561,Daw Sahm Deuan,19609,Landrace
W_OS_00141,Indica,GW182,100378280,Nahng Khiaw,9359,Landrace
W_OS_00143,Indica,GW209,100342353,Phitsanulok 2,24591,RD variety
W_OS_00144,Indica,GW231,100342710,Supan Buri 4,NA,Misc
W_OS_00145,Indica,GW243,100342619,Hawm Poo Khiaw,24616,Landrace
W_OS_00146,Indica,GW245,100342577,Hawm Supan,22048,Landrace
W_OS_00147,Indica,GW265,100368948,Bio.S-No.12,NA,RGD improved line
W_OS_00148,Indica,GW266,100368949,Bio.S-No.38,NA,RGD improved line
W_OS_00149,Indica,GW267,100378281,PTTH09010-14-1-7-4-1No.11,NA,Misc
W_OS_00150,Indica,GW268,100378282,CSSL chula,NA,RGD improved line
W_OS_00151,Indica,GW269,100378283,Mu1145,NA,RGD improved line
W_OS_00152,Indica,GW270,100378284,Mu2168,NA,RGD improved line
W_OS_00153,Indica,DP002,100378273,Niaw Gaen Jan (GS.4229),NA,Landrace
W_OS_00155,Indica,DP011,100342448,Khao Ah-Kaht,22358,Landrace
W_OS_00156,Indica,DP012,100342446,Koo Mueang,21795,Landrace
W_OS_00157,Indica,DP016,100342429,Chaw Ma-kawk,2042,Landrace
W_OS_00159,Indica,DP023,100342447,Ta Pow Lum,NA,Landrace
W_OS_00160,Indica,DP025,100342415,Tah-bahn,NA,Maekhong variety
W_OS_00161,Indica,DP026,100342440,Tawng Rahk Sai,10917,Landrace
W_OS_00162,Indica,DP029,100342394,Pratahn Banbung,20375,Landrace
W_OS_00163,Indica,DP030,100343020,Puang Nahk,21167,Landrace
W_OS_00164,Indica,DP033,100342734,Meuang Ngah,22785,Maekhong variety
W_OS_00165,Indica,DP034,100342422,Ruang Diaw,,Landrace
W_OS_00166,Indica,DP036,100342423,Lao Taeng,21782,Landrace
W_OS_00168,Indica,DP045,100342444,Leuang Chum Phae,NA,Landrace
W_OS_00169,Indica,DP046,100342420,Leuang Dong,NA,Landrace
W_OS_00171,Indica,DP003,100368941,Jao Hawm Nin,NA,RGD improved line
W_OS_00172,Indica,DP040,100342732,Hawm Sutabut,NA,Landrace
W_OS_00174,Indica,GW003,100342722,716 54R,NA,Misc
W_OS_00175,Indica,GW004,100342622,Abhaya,NA,Foreign donor
W_OS_00179,Indica,GW020,100342634,DH212,NA,Foreign donor
W_OS_00181,Indica,GW024,100342637,FL530,NA,Foreign donor
W_OS_00183,Indica,GW030,100342644,HomMali805,NA,RGD improved line
W_OS_00184,Indica,GW038,100342652,IR29,NA,IRRI
W_OS_00186,Indica,GW042,100342659,IR53936,NA,IRRI
W_OS_00187,Indica,GW043,100342660,IR57514,NA,IRRI
W_OS_00188,Indica,GW046,100342661,IR62266,NA,IRRI
W_OS_00189,Indica,GW049,100342663,IWS10,NA,RGD improved line
W_OS_00190,Indica,GW050,100342664,Jasmine IR57514 (BC4F7),NA,RGD improved line
W_OS_00191,Indica,GW055,100342668,KDML105-PlusIII,NA,RGD improved line
W_OS_00192,Indica,GW058,100342672,MNTK 75,NA,Maekhong variety
W_OS_00193,Indica,GW060,100368946,Mudgo,18126,Foreign donor
W_OS_00194,Indica,GW063,100342675,No.51-PSL,NA,Misc
W_OS_00196,Indica,GW068,100342683,PTB33,NA,Foreign donor
W_OS_00197,Indica,GW069,100342685,Rathu heenati,NA,Foreign donor
W_OS_00198,Indica,GW075,100342715,TDK1_Sub1,NA,Maekhong variety
W_OS_00199,Indica,GW076,100342467,Gao Rueng 88,972,RD variety
W_OS_00201,Indica,GW079,100342484,Khiaw Leu,3133,Landrace
W_OS_00204,Indica,GW084,100342576,Chiang Pattalung,21964,RD variety
W_OS_00205,Indica,GW086,100342574,Leb Nok Pattani,21962,RD variety
W_OS_00206,Indica,GW087,100342501,Satti,5678,Landrace
W_OS_00207,Indica,GW088,100342525,Sian Oon,12719,Landrace
W_OS_00208,Indica,GW089,100342877,Niaw Khiaw Ngoo (GS.7545),7545,Landrace
W_OS_00209,Indica,GW090,100342551,Niaw Dam,18014,Landrace
W_OS_00210,Indica,GW092,100342471,Niaw San-pah Tawng,1370,RD variety
W_OS_00211,Indica,GW093,100342496,Niaw Hawm (GS.4915),4915,Landrace
W_OS_00212,Indica,GW095,100342587,Niaw Ubon2,23408,RD variety
W_OS_00213,Indica,GW096,100342562,Muey Nawng 62 M,19709,RD variety
W_OS_00214,Indica,GW097,100342539,Leuang Yai,15906,Landrace
W_OS_00215,Indica,GW098,100342476,Leuang Yai 148,1705,RD variety
W_OS_00216,Indica,GW099,100342470,Leuang Kha-min,1312,Landrace
W_OS_00217,Indica,GW100,100342509,Luang Pratew 123,6754,RD variety
W_OS_00218,Indica,GW101,100342505,Leuang Plai Lah,6434,Landrace
W_OS_00219,Indica,GW102,100342506,Leuang Hawm,6465,Landrace
W_OS_00220,Indica,GW104,100342531,Phare,14003,Landrace
W_OS_00222,Indica,GW107,100342615,Khai Mod Rin 3,24611,RD variety
W_OS_00224,Indica,GW111,100342571,RD10,21643,RD variety
W_OS_00225,Indica,GW112,100342526,RD11,13014,RD variety
W_OS_00226,Indica,GW117,100343150,RD19,NA,RD variety
W_OS_00227,Indica,GW120,100342511,RD27,7125,RD variety
W_OS_00228,Indica,GW122,100342595,RD31,24533,RD variety
W_OS_00229,Indica,GW125,100342606,RD37,24602,RD variety
W_OS_00231,Indica,GW133,100342473,RD5,1650,RD variety
W_OS_00232,Indica,GW136,100342368,RD6,22788,RD variety
W_OS_00233,Indica,GW140,100342578,RD8,22051,RD variety
W_OS_00234,Indica,GW141,100342480,RD9,2601,RD variety
W_OS_00235,Indica,GW144,100342475,Gon Gaew (GS.1698),1698,Landrace
W_OS_00236,Indica,GW146,100342492,Goo Meuang Luang,4002,RD variety
W_OS_00238,Indica,GW152,100342486,Khao Gon Jud,3226,Landrace
W_OS_00239,Indica,GW155,100342512,Khao  Ngaw Chahng,7292,Landrace
W_OS_00240,Indica,GW156,100342495,Khao Dawk Mali,4914,Landrace
W_OS_00241,Indica,GW157,100342465,Khao Tah Haeng 17,828,RD variety
W_OS_00242,Indica,GW159,100342618,Khao Niaw Nah 432,24614,RD variety
W_OS_00243,Indica,GW161,100342550,Khao Bun Mah,17965,Landrace
W_OS_00244,Indica,GW162,100342520,Khao Pahn Luang,10847,Landrace
W_OS_00245,Indica,GW163,100342584,Khi Tom Glahng,23232,Landrace
W_OS_00246,Indica,GW165,100342579,Khi Tom Pan,22783,Landrace
W_OS_00247,Indica,GW166,100342535,Ngah Chang,15548,Landrace
W_OS_00248,Indica,GW167,100342478,Jampah Chin,2056,Landrace
W_OS_00250,Indica,GW171,100342593,Chai Nat 2,24393,RD variety
W_OS_00251,Indica,GW172,100342544,Chum Phae 60,16235,RD variety
W_OS_00253,Indica,GW175,100342499,Daw Khao GS.5584,5584,Landrace
W_OS_00254,Indica,GW178,100342542,Di Si,15982,Landrace
W_OS_00255,Indica,GW179,100342546,Ta Pow Gaew 161,16580,RD variety
W_OS_00256,Indica,GW180,100342758,Tab Mei Dam,3238,Landrace
W_OS_00257,Indica,GW184,100342469,Nahng Mon S-4,1289,RD variety
W_OS_00259,Indica,GW186,100342538,Nam Sagui 19,15833,RD variety
W_OS_00260,Indica,GW187,100342488,Bak  Muay,3257,Landrace
W_OS_00263,Indica,GW192,100342549,Pathum Thani 60,17770,RD variety
W_OS_00264,Indica,GW193,100342585,Prachin Buri1,23406,RD variety
W_OS_00265,Indica,GW194,100368926,Prachin Buri2,24592,RD variety
W_OS_00266,Indica,GW195,100342547,Plawng  Aew (GS.17711),17711,Landrace
W_OS_00267,Indica,GW198,100368939,Pinkaset 3,NA,RGD improved line
W_OS_00268,Indica,GW200,100342468,Pin Gaew 56,1284,RD variety
W_OS_00270,Indica,GW202,100342993,Pamah Haek Kuk (GS.19319),19319,Landrace
W_OS_00271,Indica,GW203,100342524,Pamah Dam,12519,Landrace
W_OS_00273,Indica,GW208,100342513,Pahn Tawng,7560,Landrace
W_OS_00274,Indica,GW210,100342597,Phitsanulok 3,24546,RD variety
W_OS_00275,Indica,GW211,100342543,Phitsanulok 60-1,16233,RD variety
W_OS_00277,Indica,GW214,100342519,Mali Daeng,10292,Landrace
W_OS_00278,Indica,GW215,100342620,Mali Gomen,24617,RD variety
W_OS_00279,Indica,GW217,100342503,Mah Bang,5801,Landrace
W_OS_00280,Indica,GW218,100342537,Yi Tae Sah Ming,15789,Landrace
W_OS_00281,Indica,GW219,100342536,Look Leuang,15657,Landrace
W_OS_00282,Indica,GW220,100343044,Look Daeng Pattani,21963,RD variety
W_OS_00283,Indica,GW222,100342533,Sangyod,15101,Landrace
W_OS_00284,Indica,GW223,100342621,Sangyod Phatthalung,24625,RD variety
W_OS_00285,Indica,GW224,100342599,San Pah-tawng 1,24590,RD variety
W_OS_00286,Indica,GW225,100368938,Sin Lek,NA,RGD improved line
W_OS_00287,Indica,GW229,100368920,Supanburi 60,16240,RD variety
W_OS_00288,Indica,GW230,100368921,Supanburi 90,19869,RD variety
W_OS_00289,Indica,GW233,100342580,Mahk Nam,22835,Landrace
W_OS_00290,Indica,GW234,100342846,Luang Pratan (GS.6440),6440,Landrace
W_OS_00292,Indica,GW238,100342482,Hawm Jan(GS.3008),3008,Landrace
W_OS_00293,Indica,GW240,100342502,Hawm Dong,5787,Landrace
W_OS_00294,Indica,GW241,100342510,Hawm Nai Pon,6836,Landrace
W_OS_00295,Indica,GW242,100342498,Hawm Pamah (GS.5333),5333,Landrace
W_OS_00296,Indica,GW244,100342557,Hawm Lao,18992,Landrace
W_OS_00297,Indica,GW246,100342545,Han Trah 60,16579,RD variety
W_OS_00298,Indica,GW247,100342170,Hahng Yi 71,7613,RD variety
W_OS_00299,Indica,GW248,100342541,Hah Ruang Bow,15974,Landrace
W_OS_00300,Indica,GW249,100342602,Ayutthaya 1,24595,RD variety
W_OS_00301,Indica,GW251,100342518,Niaw Hawm (GS.9194),9194,Landrace
W_OS_00302,Indica,GW252,100342527,Khao Dawk Mali 105,13743,Landrace
W_OS_00303,Indica,GW253,100342522,Khao Tah Haeng,12275,Landrace
W_OS_00304,Indica,GW258,100342532,Pin Gaew,14148,Landrace
W_OS_00305,Indica,GW259,100342398,Pueng Tawng (GS.574),574,Landrace
W_OS_00307,Indica,GW264,100342387,Hahng Nahk,5583,Landrace
W_OS_00309,Indica,DP006,100343023,Kon Jud,21389,Landrace
W_OS_00310,Indica,DP007,100342458,Kao Gam,15722,Landrace
W_OS_00311,Indica,DP013,100342427,Jod Mawn,1693,Landrace
W_OS_00312,Indica,DP014,100342435,Jao Khao,3330,Landrace
W_OS_00314,Indica,DP017,100342402,Dawk Khah,12160,Landrace
W_OS_00315,Indica,DP019,100342457,Daw Dawk Mai,22817,Landrace
W_OS_00316,Indica,DP021,100342424,Daeng Nah,NA,Landrace
W_OS_00317,Indica,DP022,100342454,Tom Meuang Luang,NA,Landrace
W_OS_00318,Indica,DP024,100342735,Tah-khiad,NA,Maekhong variety
W_OS_00321,Indica,DP031,100342731,Puang Sung,NA,Landrace
W_OS_00322,Indica,DP032,100342425,Puang Hahng Nahk,NA,Landrace
W_OS_00323,Indica,DP035,100342403,Rahk Haeng,12616,Landrace
W_OS_00324,Indica,DP038,100343014,Hawm Tawng,20575,Landrace
W_OS_00325,Indica,DP039,100372687,Hawm Nahng Naun,NA,Landrace
W_OS_00326,Indica,DP042,100342455,Niaw Mali,NA,Landrace
W_OS_00327,Indica,DP043,100342801,Leuang Kai Lah (GS.5555),5555,Landrace
W_OS_00328,Indica,DP044,100342397,Leuang Ngahm,NA,Landrace
W_OS_00329,Indica,DP047,100342802,Leuang Tawng (GS.5556),5556,Landrace
W_OS_00331,Indica,GW012,100342628,CNT1-Qbph6-12(fromAB),NA,RGD improved line
W_OS_00332,Indica,GW013,100342567,CNTBR82040-259-1-1-1,20472,Misc
W_OS_00333,Indica,GW017,100342631,CSSL-Chr8 (106),NA,RGD improved line
W_OS_00334,Indica,GW026,100342640,HomMali802,NA,RGD improved line
W_OS_00335,Indica,GW033,100342647,HomMali823,NA,RGD improved line
W_OS_00336,Indica,GW040,100342515,IR4563-52-1-3-6,7793,IRRI
W_OS_00337,Indica,GW053,100342665,KD20,NA,RGD improved line
W_OS_00338,Indica,GW054,100342667,KDML105-Bph3-1,NA,RGD improved line
W_OS_00339,Indica,GW074,100342716,TDK1_Aroma,NA,Maekhong variety
W_OS_00340,Indica,GW085,100342558,Chiang Dao,19103,Landrace
W_OS_00341,Indica,GW103,100342487,Gaen Jan,3247,Landrace
W_OS_00342,Indica,GW105,100342540,Mae Lahd,15968,Landrace
W_OS_00343,Indica,GW113,100342345,RD13,16410,RD variety
W_OS_00344,Indica,GW124,100342604,RD35,24600,RD variety
W_OS_00346,Indica,GW143,100342504,Gon Gaew (GS.6158),6158,Landrace
W_OS_00347,Indica,GW153,100342489,Khao Glahng,3639,Landrace
W_OS_00348,Indica,GW197,100342721,Pinkaset 1,NA,RGD improved line
W_OS_00349,Indica,GW206,100342474,Pueng Nak,1691,Landrace
W_OS_00350,Indica,GW221,100342564,Sinuan,19838,Landrace
W_OS_00351,Indica,GW235,100342507,Hawm Daeng Noi,6728,Landrace
W_OS_00352,Indica,GW250,100342523,E-pid,12484,Landrace
W_OS_00354,Indica,GW256,100342521,Daw Khao GS.12155,12155,Landrace
W_OS_00356,Indica,GW262,100342565,Hawm Pamah (GS.19843),19843,Landrace
