IRIS_ID,SUBPOPULATION,VAR,COUNTRY,REGION,GL
IRIS_313-11258,aro,aro,India,subcont,5.5
IRIS_313-8326,aro,aro,India,subcont,6.2
IRIS_313-11270,aro,aro,India,subcont,8.0
IRIS_313-11289,aro,aro,India,subcont,8.6
IRIS_313-11052,aus,aus,Bangladesh,subcont,7.5
IRIS_313-11058,aus,aus,Bangladesh,subcont,8.6
IRIS_313-11737,aus,aus,India,subcont,6.7
IRIS_313-11298,aus,aus,India,subcont,7.1
IRIS_313-10852,aus,aus,India,subcont,7.2
IRIS_313-11809,aus,aus,Kenya,africa,10.5
IRIS_313-11796,ind1A,indica,China,china,8.3
IRIS_313-11668,ind1A,indica,China,china,8.5
IRIS_313-11802,ind1A,indica,China,china,8.6
IRIS_313-11805,ind1A,indica,China,china,8.8
IRIS_313-11665,ind1A,indica,China,china,9.0
IRIS_313-11798,ind1B,indica,China,china,9.1
IRIS_313-11643,ind1B,indica,India,subcont,9.7
IRIS_313-11251,ind1B,indica,Philippines,indo,8.4
IRIS_313-11723,ind2,indica,Guinea,africa,10.8
IRIS_313-11645,ind2,indica,India,subcont,8.8
IRIS_313-11646,ind2,indica,India,subcont,9.7
IRIS_313-11794,ind2,indica,Madagascar,africa,10.1
IRIS_313-11728,ind3,indica,China,china,10.1
IRIS_313-8493,ind3,indica,Indonesia,indo,7.5
IRIS_313-11812,ind3,indica,Kenya,africa,10.2
IRIS_313-8312,ind3,indica,Malaysia,indo,8.0
IRIS_313-9409,ind3,indica,Malaysia,indo,9.6
IRIS_313-11819,ind3,indica,Myanmar,se.asia,9.5
IRIS_313-10177,indx,indica,China,china,7.6
IRIS_313-11748,indx,indica,China,china,8.7
IRIS_313-11744,indx,indica,China,china,8.9
IRIS_313-11807,indx,indica,Colombia,lat.am,9.6
IRIS_313-11740,indx,indica,Ghana,africa,8.0
IRIS_313-10337,indx,indica,Indonesia,indo,8.4
IRIS_313-11717,indx,indica,Indonesia,indo,8.8
IRIS_313-11817,indx,indica,Myanmar,se.asia,9.7
IRIS_313-10870,subtrop,japonica,India,subcont,5.7
IRIS_313-12349,subtrop,japonica,Lao People's Democratic Republic,se.asia,8.8
IRIS_313-11094,subtrop,japonica,Lao People's Democratic Republic,se.asia,11.1
IRIS_313-11661,temp,japonica,Bhutan,subcont,8.9
IRIS_313-11651,temp,japonica,China,china,7.5
IRIS_313-11652,temp,japonica,China,china,7.6
IRIS_313-11725,temp,japonica,Japan,china,7.7
IRIS_313-11689,temp,japonica,"Korea, Republic of",china,7.1
IRIS_313-11759,trop,japonica,Cote d'Ivoire,africa,8.8
IRIS_313-11755,trop,japonica,Liberia,africa,9.4
IRIS_313-11790,trop,japonica,Madagascar,africa,8.2
IRIS_313-11673,trop,japonica,Philippines,indo,7.4
IRIS_313-11736,trop,japonica,Philippines,indo,7.7
IRIS_313-11297,admix,admix,India,subcont,7.0
IRIS_313-10883,admix,admix,India,subcont,10.8
IRIS_313-12094,aro,aro,Bangladesh,subcont,4.7
IRIS_313-11026,aro,aro,Pakistan,subcont,10.2
IRIS_313-12141,aus,aus,Bangladesh,subcont,6.0
IRIS_313-8390,aus,aus,Pakistan,subcont,10.9
IRIS_313-9039,ind2,indica,Sri Lanka,subcont,5.7
IRIS_313-11280,indx,indica,India,subcont,11.0
IRIS_313-10888,subtrop,japonica,India,subcont,10.1
IRIS_313-9778,admix,admix,Argentina,lat.am,8.0
IRIS_313-9464,admix,admix,Surinam,lat.am,11.8
IRIS_313-10969,aus,aus,Brazil,lat.am,8.5
IRIS_313-11411,ind2,indica,Brazil,lat.am,7.6
IRIS_313-9841,indx,indica,Surinam,lat.am,11.4
IRIS_313-9771,temp,japonica,Austria,lat.am,7.1
IRIS_313-11428,trop,japonica,Brazil,lat.am,10.6
IRIS_313-10025,admix,admix,Madagascar,africa,7.7
IRIS_313-11767,admix,admix,Madagascar,africa,11.3
IRIS_313-11765,aro,aro,Liberia,africa,6.5
IRIS_313-10032,aro,aro,Madagascar,africa,8.7
IRIS_313-12118,ind2,indica,Madagascar,africa,6.0
IRIS_313-11814,ind3,indica,Kenya,africa,11.2
IRIS_313-11121,trop,japonica,Liberia,africa,7.9
IRIS_313-9742,trop,japonica,Madagascar,africa,10.7
IRIS_313-10738,admix,admix,Indonesia,indo,7.4
IRIS_313-9101,admix,admix,Malaysia,indo,9.9
IRIS_313-10380,aus,aus,Philippines,indo,7.0
IRIS_313-10955,ind3,indica,Indonesia,indo,5.9
IRIS_313-11235,indx,indica,Philippines,indo,11.4
IRIS_313-9616,trop,japonica,Philippines,indo,5.7
IRIS_313-11971,trop,japonica,Indonesia,indo,10.9
IRIS_313-8873,admix,admix,Taiwan,china,7.3
IRIS_313-10585,admix,admix,Japan,china,7.5
IRIS_313-11698,aro,aro,Taiwan,china,7.1
IRIS_313-11157,ind1A,indica,Taiwan,china,6.1
IRIS_313-12061,temp,japonica,China,china,6.2
IRIS_313-10079,trop,japonica,Japan,china,9.4
IRIS_313-11136,admix,admix,Myanmar,se.asia,7.6
IRIS_313-11092,admix,admix,Lao People's Democratic Republic,se.asia,9.9
IRIS_313-12074,aro,aro,Myanmar,se.asia,6.9
IRIS_313-12148,ind3,indica,Cambodia,se.asia,5.8
IRIS_313-10654,ind3,indica,Lao People's Democratic Republic,se.asia,10.8
IRIS_313-12164,japx,japonica,Cambodia,se.asia,6.2
IRIS_313-12341,subtrop,japonica,Lao People's Democratic Republic,se.asia,12.4
IRIS_313-11189,admix,admix,Union of Soviet Socialist Republics (Former),europe,9.8
IRIS_313-8747,aro,aro,Iran,europe,10.0
IRIS_313-12016,indx,indica,Egypt,europe,9.0
IRIS_313-9817,ind2,indica,Netherlands,europe,12.0
IRIS_313-9813,temp,japonica,Hungary,europe,7.2
IRIS_313-10061,japx,japonica,Portugal,europe,12.7
IRIS_313-9795,ind2,indica,Australia,australia,7.8
