acc,type
W_OS_00025,RGD improved line
W_OS_00039,RD variety
W_OS_00040,Foreign donor
W_OS_00052,Landrace
W_OS_00053,Misc
W_OS_00054,Misc
W_OS_00055,Landrace
W_OS_00056,RD variety
W_OS_00057,Landrace
W_OS_00058,RGD improved line
W_OS_00059,Landrace
W_OS_00060,Landrace
W_OS_00061,Foreign donor
W_OS_00062,RGD improved line
W_OS_00063,RD variety
W_OS_00065,Landrace
W_OS_00066,RGD improved line
W_OS_00067,Foreign donor
W_OS_00068,RD variety
W_OS_00069,RD variety
W_OS_00070,RD variety
W_OS_00071,RGD improved line
W_OS_00072,IRRI
W_OS_00073,RGD improved line
W_OS_00074,RD variety
W_OS_00075,RD variety
W_OS_00076,RGD improved line
W_OS_00077,RD variety
W_OS_00078,Maekhong variety
W_OS_00079,RGD improved line
W_OS_00080,RD variety
W_OS_00081,RD variety
W_OS_00082,Landrace
W_OS_00083,Maekhong variety
W_OS_00084,RD variety
W_OS_00085,RD variety
W_OS_00086,RD variety
W_OS_00087,RD variety
W_OS_00088,Maekhong variety
W_OS_00089,RD variety
W_OS_00090,IRRI
W_OS_00091,RGD improved line
W_OS_00092,Maekhong variety
W_OS_00093,RGD improved line
W_OS_00094,RD variety
W_OS_00095,RD variety
W_OS_00096,RD variety
W_OS_00097,IRRI
W_OS_00098,Landrace
W_OS_00099,RD variety
W_OS_00101,RGD improved line
W_OS_00102,RD variety
W_OS_00103,Misc
W_OS_00104,RD variety
W_OS_00105,Landrace
W_OS_00106,RGD improved line
W_OS_00108,RD variety
W_OS_00109,RD variety
W_OS_00110,RD variety
W_OS_00112,RD variety
W_OS_00113,RD variety
W_OS_00114,RD variety
W_OS_00116,Misc
W_OS_00117,Foreign donor
W_OS_00119,Misc
W_OS_00120,Foreign donor
W_OS_00121,Foreign donor
W_OS_00122,Foreign donor
W_OS_00123,RGD improved line
W_OS_00124,RGD improved line
W_OS_00125,RGD improved line
W_OS_00126,Foreign donor
W_OS_00127,IRRI
W_OS_00128,IRRI
W_OS_00129,Foreign donor
W_OS_00130,Misc
W_OS_00131,RGD improved line
W_OS_00132,RD variety
W_OS_00133,RD variety
W_OS_00134,RD variety
W_OS_00136,RD variety
W_OS_00137,RD variety
W_OS_00138,Landrace
W_OS_00139,Landrace
W_OS_00140,Landrace
W_OS_00141,Landrace
W_OS_00143,RD variety
W_OS_00144,Misc
W_OS_00145,Landrace
W_OS_00146,Landrace
W_OS_00147,RGD improved line
W_OS_00148,RGD improved line
W_OS_00149,Misc
W_OS_00150,RGD improved line
W_OS_00151,RGD improved line
W_OS_00152,RGD improved line
W_OS_00153,Landrace
W_OS_00154,Foreign donor
W_OS_00155,Landrace
W_OS_00156,Landrace
W_OS_00157,Landrace
W_OS_00159,Landrace
W_OS_00160,Maekhong variety
W_OS_00161,Landrace
W_OS_00162,Landrace
W_OS_00163,Landrace
W_OS_00164,Maekhong variety
W_OS_00165,Landrace
W_OS_00166,Landrace
W_OS_00167,Landrace
W_OS_00168,Landrace
W_OS_00169,Landrace
W_OS_00170,Foreign donor
W_OS_00171,RGD improved line
W_OS_00172,Landrace
W_OS_00174,Misc
W_OS_00175,Foreign donor
W_OS_00176,Foreign donor
W_OS_00177,Foreign donor
W_OS_00178,Foreign donor
W_OS_00179,Foreign donor
W_OS_00180,Foreign donor
W_OS_00181,Foreign donor
W_OS_00183,RGD improved line
W_OS_00184,IRRI
W_OS_00186,IRRI
W_OS_00187,IRRI
W_OS_00188,IRRI
W_OS_00189,RGD improved line
W_OS_00190,RGD improved line
W_OS_00191,RGD improved line
W_OS_00192,Maekhong variety
W_OS_00193,Foreign donor
W_OS_00194,Misc
W_OS_00195,Maekhong variety
W_OS_00196,Foreign donor
W_OS_00197,Foreign donor
W_OS_00198,Maekhong variety
W_OS_00199,RD variety
W_OS_00201,Landrace
W_OS_00204,RD variety
W_OS_00205,RD variety
W_OS_00206,Landrace
W_OS_00207,Landrace
W_OS_00208,Landrace
W_OS_00209,Landrace
W_OS_00210,RD variety
W_OS_00211,Landrace
W_OS_00212,RD variety
W_OS_00213,RD variety
W_OS_00214,Landrace
W_OS_00215,RD variety
W_OS_00216,Landrace
W_OS_00217,RD variety
W_OS_00218,Landrace
W_OS_00219,Landrace
W_OS_00220,Landrace
W_OS_00221,Maekhong variety
W_OS_00222,RD variety
W_OS_00223,Landrace
W_OS_00224,RD variety
W_OS_00225,RD variety
W_OS_00226,RD variety
W_OS_00227,RD variety
W_OS_00228,RD variety
W_OS_00229,RD variety
W_OS_00231,RD variety
W_OS_00232,RD variety
W_OS_00233,RD variety
W_OS_00234,RD variety
W_OS_00235,Landrace
W_OS_00236,RD variety
W_OS_00237,Landrace
W_OS_00238,Landrace
W_OS_00239,Landrace
W_OS_00240,Landrace
W_OS_00241,RD variety
W_OS_00242,RD variety
W_OS_00243,Landrace
W_OS_00244,Landrace
W_OS_00245,Landrace
W_OS_00246,Landrace
W_OS_00247,Landrace
W_OS_00248,Landrace
W_OS_00250,RD variety
W_OS_00251,RD variety
W_OS_00252,Landrace
W_OS_00253,Landrace
W_OS_00254,Landrace
W_OS_00255,RD variety
W_OS_00256,Landrace
W_OS_00257,RD variety
W_OS_00258,Landrace
W_OS_00259,RD variety
W_OS_00260,Landrace
W_OS_00263,RD variety
W_OS_00264,RD variety
W_OS_00265,RD variety
W_OS_00266,Landrace
W_OS_00267,RGD improved line
W_OS_00268,RD variety
W_OS_00269,Landrace
W_OS_00270,Landrace
W_OS_00271,Landrace
W_OS_00273,Landrace
W_OS_00274,RD variety
W_OS_00275,RD variety
W_OS_00277,Landrace
W_OS_00278,RD variety
W_OS_00279,Landrace
W_OS_00280,Landrace
W_OS_00281,Landrace
W_OS_00282,RD variety
W_OS_00283,Landrace
W_OS_00284,RD variety
W_OS_00285,RD variety
W_OS_00286,RGD improved line
W_OS_00287,RD variety
W_OS_00288,RD variety
W_OS_00289,Landrace
W_OS_00290,Landrace
W_OS_00292,Landrace
W_OS_00293,Landrace
W_OS_00294,Landrace
W_OS_00295,Landrace
W_OS_00296,Landrace
W_OS_00297,RD variety
W_OS_00298,RD variety
W_OS_00299,Landrace
W_OS_00300,RD variety
W_OS_00301,Landrace
W_OS_00302,Landrace
W_OS_00303,Landrace
W_OS_00304,Landrace
W_OS_00305,Landrace
W_OS_00306,Landrace
W_OS_00307,Landrace
W_OS_00309,Landrace
W_OS_00310,Landrace
W_OS_00311,Landrace
W_OS_00312,Landrace
W_OS_00314,Landrace
W_OS_00315,Landrace
W_OS_00316,Landrace
W_OS_00317,Landrace
W_OS_00318,Maekhong variety
W_OS_00319,Landrace
W_OS_00321,Landrace
W_OS_00322,Landrace
W_OS_00323,Landrace
W_OS_00324,Landrace
W_OS_00325,Landrace
W_OS_00326,Landrace
W_OS_00327,Landrace
W_OS_00328,Landrace
W_OS_00329,Landrace
W_OS_00331,RGD improved line
W_OS_00332,Misc
W_OS_00333,RGD improved line
W_OS_00334,RGD improved line
W_OS_00335,RGD improved line
W_OS_00336,IRRI
W_OS_00337,RGD improved line
W_OS_00338,RGD improved line
W_OS_00339,Maekhong variety
W_OS_00340,Landrace
W_OS_00341,Landrace
W_OS_00342,Landrace
W_OS_00343,RD variety
W_OS_00344,RD variety
W_OS_00346,Landrace
W_OS_00347,Landrace
W_OS_00348,RGD improved line
W_OS_00349,Landrace
W_OS_00350,Landrace
W_OS_00351,Landrace
W_OS_00352,Landrace
W_OS_00354,Landrace
W_OS_00356,Landrace
